Algoritma,Std Acc (Önce),Std Acc (Sonra),Esnek Acc (Sonra)
Naive Bayes,0.5207811717576365,0.6303879310344828,0.7632902298850575
Random Forest,0.4927391086629945,0.5998563218390804,0.75
Voting Ensemble,0.0,0.6451149425287356,0.7826867816091954
SVM,0.5363044566850276,0.6372126436781609,0.7826867816091954
